Asset_ID,Resource_Type,Resource_Name,Open_Ports,Risk_Score,Criticality,Dependency_Count,Public_Access,IAM_Risk
ASSET-0001,EC2,EC2-Resource-1,7,64,Critical,4,Yes,Medium
ASSET-0002,IAM,IAM-Resource-2,7,66,High,10,No,Medium
ASSET-0003,VPC,VPC-Resource-3,12,46,Medium,1,Yes,High
ASSET-0004,VPC,VPC-Resource-4,13,61,High,3,Yes,Medium
ASSET-0005,IAM,IAM-Resource-5,12,36,High,5,Yes,High
ASSET-0006,IAM,IAM-Resource-6,7,96,High,7,Yes,Low
ASSET-0007,S3,S3-Resource-7,3,52,Medium,8,No,Medium
ASSET-0008,EC2,EC2-Resource-8,14,25,Critical,0,No,Medium
ASSET-0009,VPC,VPC-Resource-9,1,98,Medium,1,Yes,Low
ASSET-0010,IAM,IAM-Resource-10,13,66,High,7,No,Medium
ASSET-0011,EC2,EC2-Resource-11,12,66,High,3,No,High
ASSET-0012,RDS,RDS-Resource-12,3,60,Medium,11,No,Medium
ASSET-0013,EC2,EC2-Resource-13,9,56,Medium,0,Yes,Low
ASSET-0014,RDS,RDS-Resource-14,7,12,Medium,4,No,Medium
ASSET-0015,EC2,EC2-Resource-15,9,48,Medium,0,Yes,High
ASSET-0016,VPC,VPC-Resource-16,9,98,High,4,No,Low
ASSET-0017,RDS,RDS-Resource-17,7,32,Critical,8,No,High
ASSET-0018,IAM,IAM-Resource-18,9,60,High,11,Yes,High
ASSET-0019,EC2,EC2-Resource-19,2,94,Medium,5,Yes,Low
ASSET-0020,EC2,EC2-Resource-20,14,36,Critical,0,No,High
ASSET-0021,EC2,EC2-Resource-21,5,25,Low,5,No,High
ASSET-0022,VPC,VPC-Resource-22,1,71,Low,12,Yes,Low
ASSET-0023,EC2,EC2-Resource-23,14,53,Medium,4,No,High
ASSET-0024,IAM,IAM-Resource-24,8,17,High,4,Yes,Low
ASSET-0025,RDS,RDS-Resource-25,2,43,High,9,Yes,Low
ASSET-0026,EC2,EC2-Resource-26,13,66,Low,6,Yes,Low
ASSET-0027,VPC,VPC-Resource-27,2,91,Medium,1,Yes,Medium
ASSET-0028,RDS,RDS-Resource-28,12,80,Medium,2,Yes,Low
ASSET-0029,IAM,IAM-Resource-29,5,35,High,1,Yes,High
ASSET-0030,IAM,IAM-Resource-30,6,68,Medium,8,Yes,High
ASSET-0031,RDS,RDS-Resource-31,13,30,Medium,1,No,Low
ASSET-0032,VPC,VPC-Resource-32,4,34,Critical,4,Yes,High
ASSET-0033,EC2,EC2-Resource-33,14,58,Low,12,Yes,Medium
ASSET-0034,Lambda,Lambda-Resource-34,7,40,Low,10,Yes,Medium
ASSET-0035,RDS,RDS-Resource-35,2,22,Critical,12,No,High
ASSET-0036,Lambda,Lambda-Resource-36,11,99,Medium,11,No,Low
ASSET-0037,VPC,VPC-Resource-37,1,86,High,8,No,Low
ASSET-0038,IAM,IAM-Resource-38,4,68,Medium,3,Yes,High
ASSET-0039,Lambda,Lambda-Resource-39,9,55,High,0,No,Medium
ASSET-0040,IAM,IAM-Resource-40,0,89,High,4,No,Medium
ASSET-0041,VPC,VPC-Resource-41,3,95,Low,7,No,Low
ASSET-0042,VPC,VPC-Resource-42,10,12,Medium,1,No,High
ASSET-0043,IAM,IAM-Resource-43,6,27,Medium,2,No,High
ASSET-0044,IAM,IAM-Resource-44,1,43,High,10,Yes,High
ASSET-0045,Lambda,Lambda-Resource-45,10,24,High,8,No,Low
ASSET-0046,RDS,RDS-Resource-46,7,74,Low,5,No,High
ASSET-0047,S3,S3-Resource-47,4,17,High,3,Yes,High
ASSET-0048,EC2,EC2-Resource-48,5,79,Medium,10,No,Medium
ASSET-0049,Lambda,Lambda-Resource-49,13,23,Low,7,No,Low
ASSET-0050,VPC,VPC-Resource-50,5,88,High,0,Yes,Medium
ASSET-0051,Lambda,Lambda-Resource-51,3,26,Medium,1,Yes,Medium
ASSET-0052,RDS,RDS-Resource-52,8,89,Medium,3,No,Medium
ASSET-0053,EC2,EC2-Resource-53,2,36,Medium,8,No,Medium
ASSET-0054,IAM,IAM-Resource-54,2,63,Medium,3,Yes,Low
ASSET-0055,S3,S3-Resource-55,2,82,Medium,0,No,Low
ASSET-0056,S3,S3-Resource-56,8,78,Medium,0,Yes,Medium
ASSET-0057,RDS,RDS-Resource-57,6,82,Medium,6,No,Medium
ASSET-0058,S3,S3-Resource-58,5,54,Medium,3,No,Medium
ASSET-0059,RDS,RDS-Resource-59,1,50,Medium,11,Yes,High
ASSET-0060,EC2,EC2-Resource-60,15,33,Medium,6,No,Medium
ASSET-0061,RDS,RDS-Resource-61,11,66,Medium,5,No,Medium
ASSET-0062,VPC,VPC-Resource-62,13,19,Low,8,Yes,Medium
ASSET-0063,Lambda,Lambda-Resource-63,7,26,Medium,3,No,Medium
ASSET-0064,S3,S3-Resource-64,5,100,Medium,5,No,Medium
ASSET-0065,RDS,RDS-Resource-65,4,56,High,9,No,Medium
ASSET-0066,EC2,EC2-Resource-66,9,64,Low,11,Yes,Low
ASSET-0067,IAM,IAM-Resource-67,7,36,Medium,4,No,High
ASSET-0068,Lambda,Lambda-Resource-68,11,97,Medium,10,No,Low
ASSET-0069,VPC,VPC-Resource-69,0,29,High,12,No,Medium
ASSET-0070,VPC,VPC-Resource-70,7,74,High,3,Yes,Low
ASSET-0071,Lambda,Lambda-Resource-71,7,39,Critical,9,No,Low
ASSET-0072,EC2,EC2-Resource-72,9,60,Medium,11,No,Medium
ASSET-0073,EC2,EC2-Resource-73,4,38,Low,6,No,Low
ASSET-0074,S3,S3-Resource-74,12,77,High,8,Yes,Low
ASSET-0075,S3,S3-Resource-75,11,21,Medium,3,Yes,Medium
ASSET-0076,EC2,EC2-Resource-76,4,49,Medium,6,No,Low
ASSET-0077,S3,S3-Resource-77,14,51,Medium,1,No,Medium
ASSET-0078,VPC,VPC-Resource-78,0,55,High,10,No,Low
ASSET-0079,RDS,RDS-Resource-79,8,63,Low,12,Yes,Medium
ASSET-0080,RDS,RDS-Resource-80,13,29,High,12,No,Low
ASSET-0081,Lambda,Lambda-Resource-81,0,77,Medium,10,Yes,Medium
ASSET-0082,Lambda,Lambda-Resource-82,14,93,Critical,12,No,Medium
ASSET-0083,S3,S3-Resource-83,2,21,Critical,9,No,High
ASSET-0084,S3,S3-Resource-84,8,56,Medium,11,No,Low
ASSET-0085,VPC,VPC-Resource-85,3,67,Medium,11,Yes,Medium
ASSET-0086,S3,S3-Resource-86,15,55,Medium,12,Yes,Low
ASSET-0087,EC2,EC2-Resource-87,0,45,Low,9,No,Medium
ASSET-0088,EC2,EC2-Resource-88,8,49,High,10,No,Medium
ASSET-0089,VPC,VPC-Resource-89,11,21,Medium,11,No,Medium
ASSET-0090,RDS,RDS-Resource-90,11,24,High,0,Yes,Medium
ASSET-0091,IAM,IAM-Resource-91,3,70,High,6,No,Medium
ASSET-0092,IAM,IAM-Resource-92,13,87,Low,7,Yes,Low
ASSET-0093,S3,S3-Resource-93,6,33,Medium,10,No,Low
ASSET-0094,RDS,RDS-Resource-94,2,46,Medium,11,No,High
ASSET-0095,Lambda,Lambda-Resource-95,5,56,High,6,No,Low
ASSET-0096,IAM,IAM-Resource-96,14,74,High,2,Yes,High
ASSET-0097,Lambda,Lambda-Resource-97,1,74,High,0,No,Medium
ASSET-0098,Lambda,Lambda-Resource-98,7,48,Low,3,Yes,Low
ASSET-0099,S3,S3-Resource-99,1,54,Low,4,No,Medium
ASSET-0100,S3,S3-Resource-100,8,56,Medium,9,Yes,Medium
ASSET-0101,S3,S3-Resource-101,5,56,Low,7,Yes,Low
ASSET-0102,Lambda,Lambda-Resource-102,3,74,Medium,8,No,Medium
ASSET-0103,IAM,IAM-Resource-103,1,75,High,9,No,Medium
ASSET-0104,RDS,RDS-Resource-104,14,72,Critical,7,Yes,Medium
ASSET-0105,S3,S3-Resource-105,14,14,Low,10,Yes,Low
ASSET-0106,RDS,RDS-Resource-106,15,50,High,6,Yes,Low
ASSET-0107,IAM,IAM-Resource-107,0,18,High,5,No,Medium
ASSET-0108,VPC,VPC-Resource-108,1,15,Medium,4,No,Medium
ASSET-0109,EC2,EC2-Resource-109,4,21,Low,2,No,Medium
ASSET-0110,Lambda,Lambda-Resource-110,0,56,Low,6,No,High
ASSET-0111,RDS,RDS-Resource-111,9,55,Medium,3,Yes,Low
ASSET-0112,IAM,IAM-Resource-112,12,13,Critical,0,Yes,Medium
ASSET-0113,RDS,RDS-Resource-113,15,83,Medium,0,No,Low
ASSET-0114,IAM,IAM-Resource-114,2,44,High,9,No,Medium
ASSET-0115,S3,S3-Resource-115,14,27,Medium,9,No,Medium
ASSET-0116,Lambda,Lambda-Resource-116,8,29,High,4,Yes,High
ASSET-0117,S3,S3-Resource-117,11,14,Medium,9,Yes,Low
ASSET-0118,Lambda,Lambda-Resource-118,12,34,Medium,10,Yes,High
ASSET-0119,RDS,RDS-Resource-119,3,68,High,6,Yes,Medium
ASSET-0120,IAM,IAM-Resource-120,10,91,Medium,9,Yes,High
ASSET-0121,EC2,EC2-Resource-121,4,33,Low,7,No,Medium
ASSET-0122,EC2,EC2-Resource-122,15,100,Medium,6,Yes,High
ASSET-0123,VPC,VPC-Resource-123,10,95,High,9,No,High
ASSET-0124,S3,S3-Resource-124,10,54,Medium,8,Yes,Low
ASSET-0125,EC2,EC2-Resource-125,14,39,Low,1,No,Low
ASSET-0126,IAM,IAM-Resource-126,13,42,Critical,8,No,Low
ASSET-0127,VPC,VPC-Resource-127,10,26,Medium,8,No,Medium
ASSET-0128,IAM,IAM-Resource-128,10,10,Medium,12,No,Low
ASSET-0129,VPC,VPC-Resource-129,4,55,Medium,9,Yes,High
ASSET-0130,Lambda,Lambda-Resource-130,8,25,Low,0,No,High
ASSET-0131,IAM,IAM-Resource-131,10,94,Medium,3,No,Medium
ASSET-0132,IAM,IAM-Resource-132,15,69,High,3,No,Medium
ASSET-0133,VPC,VPC-Resource-133,1,17,Critical,1,No,Low
ASSET-0134,EC2,EC2-Resource-134,1,71,High,10,Yes,Medium
ASSET-0135,Lambda,Lambda-Resource-135,0,25,Medium,8,No,Low
ASSET-0136,Lambda,Lambda-Resource-136,7,19,Medium,2,Yes,High
ASSET-0137,VPC,VPC-Resource-137,9,32,Medium,0,No,Low
ASSET-0138,Lambda,Lambda-Resource-138,1,82,High,4,No,Low
ASSET-0139,VPC,VPC-Resource-139,15,42,High,3,No,High
ASSET-0140,Lambda,Lambda-Resource-140,3,21,Critical,5,Yes,Medium
ASSET-0141,EC2,EC2-Resource-141,11,53,Medium,12,Yes,Medium
ASSET-0142,Lambda,Lambda-Resource-142,4,52,High,2,Yes,Low
ASSET-0143,IAM,IAM-Resource-143,15,13,Medium,7,No,Medium
ASSET-0144,IAM,IAM-Resource-144,11,26,High,9,No,Low
ASSET-0145,VPC,VPC-Resource-145,10,78,Medium,7,Yes,Low
ASSET-0146,IAM,IAM-Resource-146,8,38,Critical,7,No,Low
ASSET-0147,VPC,VPC-Resource-147,7,48,High,1,Yes,Medium
ASSET-0148,IAM,IAM-Resource-148,5,32,High,4,No,Low
ASSET-0149,VPC,VPC-Resource-149,11,11,Critical,1,No,Low
ASSET-0150,IAM,IAM-Resource-150,10,68,Medium,5,Yes,Medium
ASSET-0151,EC2,EC2-Resource-151,11,95,High,1,Yes,Low
ASSET-0152,VPC,VPC-Resource-152,10,37,High,9,Yes,High
ASSET-0153,IAM,IAM-Resource-153,11,23,High,6,No,Medium
ASSET-0154,RDS,RDS-Resource-154,4,13,Low,7,No,Medium
ASSET-0155,S3,S3-Resource-155,6,41,Medium,1,Yes,Medium
ASSET-0156,S3,S3-Resource-156,9,35,High,2,Yes,Low
ASSET-0157,Lambda,Lambda-Resource-157,15,22,Medium,2,No,High
ASSET-0158,Lambda,Lambda-Resource-158,0,32,Low,4,Yes,High
ASSET-0159,VPC,VPC-Resource-159,12,84,Medium,6,No,Low
ASSET-0160,S3,S3-Resource-160,7,55,Low,3,No,Medium
ASSET-0161,IAM,IAM-Resource-161,15,40,Medium,9,Yes,High
ASSET-0162,VPC,VPC-Resource-162,8,88,Critical,2,No,Medium
ASSET-0163,Lambda,Lambda-Resource-163,3,45,Medium,0,No,Medium
ASSET-0164,IAM,IAM-Resource-164,12,22,High,8,No,Low
ASSET-0165,S3,S3-Resource-165,15,77,High,5,Yes,Low
ASSET-0166,EC2,EC2-Resource-166,7,32,Medium,12,No,Medium
ASSET-0167,RDS,RDS-Resource-167,7,64,Low,1,No,Medium
ASSET-0168,S3,S3-Resource-168,6,99,High,12,No,Medium
ASSET-0169,EC2,EC2-Resource-169,2,14,Medium,12,No,Low
ASSET-0170,VPC,VPC-Resource-170,0,65,High,11,No,High
ASSET-0171,Lambda,Lambda-Resource-171,2,51,Critical,11,Yes,Low
ASSET-0172,RDS,RDS-Resource-172,10,70,Critical,11,No,High
ASSET-0173,S3,S3-Resource-173,8,52,Critical,11,No,Medium
ASSET-0174,EC2,EC2-Resource-174,9,96,Critical,9,Yes,Low
ASSET-0175,IAM,IAM-Resource-175,8,62,Medium,5,No,Low
ASSET-0176,VPC,VPC-Resource-176,8,36,High,1,No,Medium
ASSET-0177,Lambda,Lambda-Resource-177,14,53,Low,7,Yes,Low
ASSET-0178,VPC,VPC-Resource-178,5,80,Medium,0,No,High
ASSET-0179,IAM,IAM-Resource-179,7,25,Low,9,Yes,Low
ASSET-0180,IAM,IAM-Resource-180,0,66,High,12,Yes,High
ASSET-0181,IAM,IAM-Resource-181,2,19,Low,10,Yes,High
ASSET-0182,VPC,VPC-Resource-182,0,48,High,0,No,Medium
ASSET-0183,S3,S3-Resource-183,0,14,High,2,Yes,Low
ASSET-0184,VPC,VPC-Resource-184,1,73,High,9,No,Low
ASSET-0185,S3,S3-Resource-185,7,94,Medium,1,Yes,Low
ASSET-0186,Lambda,Lambda-Resource-186,1,28,High,12,No,High
ASSET-0187,VPC,VPC-Resource-187,12,93,Low,3,Yes,High
ASSET-0188,Lambda,Lambda-Resource-188,5,17,High,6,Yes,Low
ASSET-0189,RDS,RDS-Resource-189,12,41,High,7,No,High
ASSET-0190,EC2,EC2-Resource-190,0,64,Low,3,Yes,High
ASSET-0191,Lambda,Lambda-Resource-191,13,22,Medium,7,No,Low
ASSET-0192,Lambda,Lambda-Resource-192,1,38,Medium,10,Yes,High
ASSET-0193,EC2,EC2-Resource-193,0,76,Medium,0,Yes,Medium
ASSET-0194,Lambda,Lambda-Resource-194,0,78,High,6,No,Low
ASSET-0195,S3,S3-Resource-195,11,13,Medium,11,Yes,High
ASSET-0196,Lambda,Lambda-Resource-196,4,13,Low,2,Yes,High
ASSET-0197,IAM,IAM-Resource-197,12,51,Medium,3,Yes,High
ASSET-0198,IAM,IAM-Resource-198,4,36,High,8,Yes,Medium
ASSET-0199,S3,S3-Resource-199,4,83,High,1,Yes,Low
ASSET-0200,S3,S3-Resource-200,6,37,Low,2,No,High
ASSET-0201,IAM,IAM-Resource-201,9,38,Medium,1,Yes,Low
ASSET-0202,RDS,RDS-Resource-202,12,20,Medium,6,No,Medium
ASSET-0203,S3,S3-Resource-203,15,69,Low,3,Yes,High
ASSET-0204,RDS,RDS-Resource-204,9,49,Low,3,Yes,Medium
ASSET-0205,Lambda,Lambda-Resource-205,10,94,Critical,5,No,Low
ASSET-0206,Lambda,Lambda-Resource-206,7,38,Medium,5,Yes,High
ASSET-0207,RDS,RDS-Resource-207,8,52,Critical,7,Yes,Medium
ASSET-0208,RDS,RDS-Resource-208,3,74,High,5,Yes,Low
ASSET-0209,RDS,RDS-Resource-209,9,32,Medium,5,Yes,Medium
ASSET-0210,S3,S3-Resource-210,5,53,Critical,6,No,Low
ASSET-0211,Lambda,Lambda-Resource-211,7,49,Low,12,No,Low
ASSET-0212,S3,S3-Resource-212,9,31,High,12,No,Low
ASSET-0213,VPC,VPC-Resource-213,6,67,High,11,Yes,Low
ASSET-0214,Lambda,Lambda-Resource-214,11,92,High,2,No,Medium
ASSET-0215,S3,S3-Resource-215,15,64,Low,4,Yes,High
ASSET-0216,VPC,VPC-Resource-216,8,11,High,1,Yes,High
ASSET-0217,IAM,IAM-Resource-217,4,61,Critical,4,Yes,High
ASSET-0218,VPC,VPC-Resource-218,1,53,Medium,10,Yes,Low
ASSET-0219,Lambda,Lambda-Resource-219,2,38,Low,3,Yes,Low
ASSET-0220,Lambda,Lambda-Resource-220,4,35,Low,12,No,Medium
ASSET-0221,RDS,RDS-Resource-221,4,65,Medium,3,No,High
ASSET-0222,VPC,VPC-Resource-222,14,42,Low,0,Yes,Low
ASSET-0223,Lambda,Lambda-Resource-223,12,31,Medium,8,Yes,High
ASSET-0224,EC2,EC2-Resource-224,8,91,Critical,5,No,Medium
ASSET-0225,IAM,IAM-Resource-225,7,10,Medium,5,No,Low
ASSET-0226,Lambda,Lambda-Resource-226,2,88,High,4,Yes,High
ASSET-0227,RDS,RDS-Resource-227,15,96,Medium,3,No,Low
ASSET-0228,S3,S3-Resource-228,2,45,High,8,No,Low
ASSET-0229,IAM,IAM-Resource-229,15,75,Critical,11,Yes,Low
ASSET-0230,RDS,RDS-Resource-230,13,27,High,1,Yes,Medium
ASSET-0231,RDS,RDS-Resource-231,1,79,Critical,0,No,Low
ASSET-0232,RDS,RDS-Resource-232,10,53,Low,10,Yes,Low
ASSET-0233,EC2,EC2-Resource-233,3,20,High,9,Yes,Low
ASSET-0234,EC2,EC2-Resource-234,13,25,High,5,No,Medium
ASSET-0235,EC2,EC2-Resource-235,14,81,Critical,5,No,Medium
ASSET-0236,RDS,RDS-Resource-236,3,55,Medium,12,Yes,Medium
ASSET-0237,RDS,RDS-Resource-237,3,32,Low,3,No,Medium
ASSET-0238,EC2,EC2-Resource-238,9,38,High,11,No,Medium
ASSET-0239,RDS,RDS-Resource-239,0,73,High,8,Yes,High
ASSET-0240,Lambda,Lambda-Resource-240,11,68,Critical,6,No,Medium
ASSET-0241,IAM,IAM-Resource-241,5,15,Low,8,No,Medium
ASSET-0242,VPC,VPC-Resource-242,0,40,High,0,No,High
ASSET-0243,EC2,EC2-Resource-243,12,55,Critical,3,No,Low
ASSET-0244,S3,S3-Resource-244,6,26,High,11,No,Low
ASSET-0245,VPC,VPC-Resource-245,4,71,High,3,No,Medium
ASSET-0246,Lambda,Lambda-Resource-246,13,51,Medium,4,Yes,High
ASSET-0247,S3,S3-Resource-247,9,15,High,2,Yes,Medium
ASSET-0248,Lambda,Lambda-Resource-248,0,50,Low,5,No,High
ASSET-0249,VPC,VPC-Resource-249,0,24,Low,3,Yes,Low
ASSET-0250,VPC,VPC-Resource-250,7,96,Medium,6,No,Medium
ASSET-0251,EC2,EC2-Resource-251,1,49,Low,8,Yes,Medium
ASSET-0252,VPC,VPC-Resource-252,11,37,Low,0,Yes,Low
ASSET-0253,S3,S3-Resource-253,12,75,Medium,4,Yes,Medium
ASSET-0254,VPC,VPC-Resource-254,3,94,Medium,2,Yes,Medium
ASSET-0255,RDS,RDS-Resource-255,15,37,High,0,Yes,High
ASSET-0256,Lambda,Lambda-Resource-256,12,83,Medium,11,No,Medium
ASSET-0257,RDS,RDS-Resource-257,15,58,Critical,5,Yes,Medium
ASSET-0258,EC2,EC2-Resource-258,14,33,Medium,12,No,Low
ASSET-0259,S3,S3-Resource-259,3,92,Medium,1,Yes,Low
ASSET-0260,IAM,IAM-Resource-260,7,43,High,7,Yes,Low
ASSET-0261,IAM,IAM-Resource-261,15,34,Critical,11,Yes,Medium
ASSET-0262,VPC,VPC-Resource-262,13,59,Low,9,No,High
ASSET-0263,S3,S3-Resource-263,11,30,High,5,No,Medium
ASSET-0264,Lambda,Lambda-Resource-264,3,48,Medium,9,No,Medium
ASSET-0265,VPC,VPC-Resource-265,13,73,High,3,No,Low
ASSET-0266,S3,S3-Resource-266,15,77,High,8,Yes,Medium
ASSET-0267,S3,S3-Resource-267,10,47,Medium,9,Yes,Low
ASSET-0268,IAM,IAM-Resource-268,12,13,Low,3,No,Low
ASSET-0269,RDS,RDS-Resource-269,2,25,Low,10,No,High
ASSET-0270,S3,S3-Resource-270,1,27,High,9,No,Low
ASSET-0271,S3,S3-Resource-271,11,43,Critical,9,No,Medium
ASSET-0272,IAM,IAM-Resource-272,15,19,Low,6,No,Medium
ASSET-0273,RDS,RDS-Resource-273,3,71,Medium,4,No,Low
ASSET-0274,S3,S3-Resource-274,10,48,High,1,No,Low
ASSET-0275,RDS,RDS-Resource-275,12,56,Medium,11,No,Medium
ASSET-0276,Lambda,Lambda-Resource-276,3,40,Low,3,Yes,Medium
ASSET-0277,RDS,RDS-Resource-277,14,47,High,2,Yes,High
ASSET-0278,IAM,IAM-Resource-278,10,45,Medium,3,No,Medium
ASSET-0279,S3,S3-Resource-279,6,89,Low,7,Yes,Low
ASSET-0280,IAM,IAM-Resource-280,5,88,High,10,Yes,Medium
ASSET-0281,EC2,EC2-Resource-281,9,65,Low,5,Yes,Medium
ASSET-0282,Lambda,Lambda-Resource-282,6,94,High,10,No,High
ASSET-0283,RDS,RDS-Resource-283,7,69,High,5,No,Low
ASSET-0284,RDS,RDS-Resource-284,0,100,High,3,Yes,Medium
ASSET-0285,VPC,VPC-Resource-285,13,36,Critical,9,Yes,Low
ASSET-0286,S3,S3-Resource-286,6,89,Medium,2,Yes,Medium
ASSET-0287,IAM,IAM-Resource-287,2,56,Medium,0,No,Low
ASSET-0288,EC2,EC2-Resource-288,6,44,Low,1,No,Medium
ASSET-0289,RDS,RDS-Resource-289,4,56,Medium,4,Yes,Low
ASSET-0290,S3,S3-Resource-290,15,86,Medium,6,Yes,High
ASSET-0291,S3,S3-Resource-291,10,57,High,9,No,Low
ASSET-0292,S3,S3-Resource-292,6,64,High,7,Yes,Low
ASSET-0293,VPC,VPC-Resource-293,8,85,Medium,12,No,Low
ASSET-0294,IAM,IAM-Resource-294,0,63,Low,3,No,Low
ASSET-0295,RDS,RDS-Resource-295,4,38,Critical,0,Yes,Low
ASSET-0296,Lambda,Lambda-Resource-296,13,98,Medium,5,Yes,Low
ASSET-0297,VPC,VPC-Resource-297,12,79,Medium,8,Yes,High
ASSET-0298,RDS,RDS-Resource-298,7,11,Critical,12,No,Low
ASSET-0299,Lambda,Lambda-Resource-299,6,20,High,11,No,Low
ASSET-0300,RDS,RDS-Resource-300,4,87,High,1,No,Medium
ASSET-0301,S3,S3-Resource-301,8,40,Medium,6,No,Low
ASSET-0302,VPC,VPC-Resource-302,7,55,High,11,Yes,Medium
ASSET-0303,Lambda,Lambda-Resource-303,6,83,Medium,3,No,Medium
ASSET-0304,Lambda,Lambda-Resource-304,10,59,Medium,1,No,High
ASSET-0305,IAM,IAM-Resource-305,13,58,Medium,12,No,High
ASSET-0306,VPC,VPC-Resource-306,3,82,Low,11,No,High
ASSET-0307,RDS,RDS-Resource-307,3,55,Medium,8,Yes,Medium
ASSET-0308,IAM,IAM-Resource-308,3,25,Medium,11,No,Low
ASSET-0309,EC2,EC2-Resource-309,0,85,Low,11,Yes,Low
ASSET-0310,Lambda,Lambda-Resource-310,15,44,Critical,8,Yes,Low
ASSET-0311,RDS,RDS-Resource-311,0,84,High,12,No,Medium
ASSET-0312,EC2,EC2-Resource-312,4,89,Low,5,No,Low
ASSET-0313,Lambda,Lambda-Resource-313,4,51,High,5,No,Low
ASSET-0314,IAM,IAM-Resource-314,3,32,High,5,No,Medium
ASSET-0315,EC2,EC2-Resource-315,1,90,High,4,Yes,High
ASSET-0316,IAM,IAM-Resource-316,5,80,Medium,1,Yes,High
ASSET-0317,RDS,RDS-Resource-317,8,69,High,1,Yes,Low
ASSET-0318,VPC,VPC-Resource-318,7,91,Critical,5,No,High
ASSET-0319,EC2,EC2-Resource-319,3,41,Low,11,No,Low
ASSET-0320,IAM,IAM-Resource-320,5,50,Medium,0,Yes,Low
ASSET-0321,IAM,IAM-Resource-321,8,24,Low,5,No,Low
ASSET-0322,S3,S3-Resource-322,7,68,Medium,2,No,High
ASSET-0323,IAM,IAM-Resource-323,0,60,Medium,6,Yes,Low
ASSET-0324,VPC,VPC-Resource-324,1,69,Medium,9,No,Low
ASSET-0325,IAM,IAM-Resource-325,0,11,Low,12,No,Medium
ASSET-0326,RDS,RDS-Resource-326,8,88,Critical,1,No,Medium
ASSET-0327,Lambda,Lambda-Resource-327,10,46,High,7,Yes,Low
ASSET-0328,IAM,IAM-Resource-328,5,100,Medium,9,No,Low
ASSET-0329,EC2,EC2-Resource-329,14,23,High,10,No,Medium
ASSET-0330,RDS,RDS-Resource-330,1,27,Medium,8,No,Medium
ASSET-0331,S3,S3-Resource-331,9,19,Medium,6,Yes,Low
ASSET-0332,RDS,RDS-Resource-332,3,88,Low,0,Yes,High
ASSET-0333,RDS,RDS-Resource-333,7,96,Low,3,Yes,Medium
ASSET-0334,RDS,RDS-Resource-334,10,94,Critical,10,No,Low
ASSET-0335,Lambda,Lambda-Resource-335,3,94,Critical,0,Yes,High
ASSET-0336,RDS,RDS-Resource-336,3,36,Low,7,Yes,Medium
ASSET-0337,VPC,VPC-Resource-337,1,84,Medium,2,No,Medium
ASSET-0338,RDS,RDS-Resource-338,8,79,Critical,10,Yes,Low
ASSET-0339,S3,S3-Resource-339,3,78,Medium,10,Yes,Medium
ASSET-0340,VPC,VPC-Resource-340,8,51,Medium,12,Yes,Low
ASSET-0341,EC2,EC2-Resource-341,9,76,Critical,12,Yes,High
ASSET-0342,S3,S3-Resource-342,12,61,Medium,2,Yes,Low
ASSET-0343,IAM,IAM-Resource-343,12,98,Medium,5,No,Low
ASSET-0344,VPC,VPC-Resource-344,1,57,Low,8,No,Medium
ASSET-0345,S3,S3-Resource-345,3,58,High,2,No,High
ASSET-0346,Lambda,Lambda-Resource-346,11,69,Low,5,No,Medium
ASSET-0347,RDS,RDS-Resource-347,7,67,High,3,No,Low
ASSET-0348,RDS,RDS-Resource-348,4,57,Low,0,No,High
ASSET-0349,RDS,RDS-Resource-349,2,90,High,5,No,High
ASSET-0350,RDS,RDS-Resource-350,2,24,High,11,No,Medium
ASSET-0351,S3,S3-Resource-351,3,83,High,10,Yes,Low
ASSET-0352,Lambda,Lambda-Resource-352,5,92,Medium,0,Yes,Low
ASSET-0353,Lambda,Lambda-Resource-353,0,25,High,3,No,Low
ASSET-0354,IAM,IAM-Resource-354,5,99,Medium,1,No,Low
ASSET-0355,VPC,VPC-Resource-355,3,97,High,2,No,Low
ASSET-0356,VPC,VPC-Resource-356,14,12,Medium,0,No,High
ASSET-0357,IAM,IAM-Resource-357,3,79,Medium,8,Yes,Low
ASSET-0358,RDS,RDS-Resource-358,2,26,Medium,10,Yes,Low
ASSET-0359,VPC,VPC-Resource-359,8,24,Medium,3,No,Low
ASSET-0360,S3,S3-Resource-360,4,75,Medium,11,Yes,Low
ASSET-0361,EC2,EC2-Resource-361,13,47,Critical,5,Yes,Medium
ASSET-0362,VPC,VPC-Resource-362,15,76,High,1,Yes,High
ASSET-0363,RDS,RDS-Resource-363,10,53,Critical,1,Yes,Low
ASSET-0364,IAM,IAM-Resource-364,13,60,High,11,Yes,High
ASSET-0365,IAM,IAM-Resource-365,14,81,Low,10,Yes,Medium
ASSET-0366,RDS,RDS-Resource-366,3,91,High,5,Yes,High
ASSET-0367,EC2,EC2-Resource-367,4,62,Medium,11,No,Low
ASSET-0368,Lambda,Lambda-Resource-368,12,56,Medium,12,Yes,Medium
ASSET-0369,Lambda,Lambda-Resource-369,12,10,Medium,10,No,Medium
ASSET-0370,IAM,IAM-Resource-370,9,65,High,1,Yes,Medium
ASSET-0371,IAM,IAM-Resource-371,0,88,Low,1,No,High
ASSET-0372,IAM,IAM-Resource-372,12,36,Medium,11,No,Low
ASSET-0373,Lambda,Lambda-Resource-373,1,26,High,3,No,Low
ASSET-0374,IAM,IAM-Resource-374,14,98,High,12,No,Low
ASSET-0375,S3,S3-Resource-375,4,63,Medium,8,No,Low
ASSET-0376,IAM,IAM-Resource-376,2,32,Low,1,Yes,High
ASSET-0377,VPC,VPC-Resource-377,0,59,Medium,9,Yes,Low
ASSET-0378,S3,S3-Resource-378,2,84,Medium,6,Yes,Low
ASSET-0379,EC2,EC2-Resource-379,1,10,Low,9,Yes,Low
ASSET-0380,VPC,VPC-Resource-380,3,25,Critical,1,Yes,Medium
ASSET-0381,VPC,VPC-Resource-381,15,15,Critical,12,Yes,Low
ASSET-0382,RDS,RDS-Resource-382,13,87,Low,0,No,Low
ASSET-0383,Lambda,Lambda-Resource-383,11,79,Medium,5,Yes,Low
ASSET-0384,RDS,RDS-Resource-384,9,35,Low,3,Yes,High
ASSET-0385,Lambda,Lambda-Resource-385,5,75,High,10,Yes,Medium
ASSET-0386,VPC,VPC-Resource-386,3,62,Medium,4,Yes,Low
ASSET-0387,VPC,VPC-Resource-387,7,19,Medium,9,No,Medium
ASSET-0388,EC2,EC2-Resource-388,6,86,Medium,12,Yes,Medium
ASSET-0389,RDS,RDS-Resource-389,12,80,Low,4,Yes,High
ASSET-0390,EC2,EC2-Resource-390,1,69,Medium,5,No,Low
ASSET-0391,Lambda,Lambda-Resource-391,5,13,Medium,7,Yes,High
ASSET-0392,VPC,VPC-Resource-392,7,85,Critical,0,No,High
ASSET-0393,RDS,RDS-Resource-393,15,30,Medium,4,Yes,Low
ASSET-0394,S3,S3-Resource-394,5,75,Medium,0,No,Low
ASSET-0395,Lambda,Lambda-Resource-395,2,97,Medium,4,No,High
ASSET-0396,S3,S3-Resource-396,15,42,High,3,Yes,High
ASSET-0397,EC2,EC2-Resource-397,15,71,Critical,4,No,Medium
ASSET-0398,IAM,IAM-Resource-398,7,10,High,3,Yes,Medium
ASSET-0399,Lambda,Lambda-Resource-399,3,100,High,6,Yes,Low
ASSET-0400,Lambda,Lambda-Resource-400,6,12,High,9,Yes,Medium
ASSET-0401,Lambda,Lambda-Resource-401,3,49,Critical,8,No,Low
ASSET-0402,S3,S3-Resource-402,1,63,Low,6,Yes,Low
ASSET-0403,RDS,RDS-Resource-403,8,69,High,10,Yes,Low
ASSET-0404,S3,S3-Resource-404,7,18,Low,2,No,Medium
ASSET-0405,VPC,VPC-Resource-405,4,64,Medium,5,Yes,Low
ASSET-0406,Lambda,Lambda-Resource-406,9,89,Low,12,Yes,Medium
ASSET-0407,S3,S3-Resource-407,2,53,High,9,No,Low
ASSET-0408,EC2,EC2-Resource-408,9,43,Low,0,Yes,High
ASSET-0409,S3,S3-Resource-409,7,91,Critical,9,Yes,Low
ASSET-0410,IAM,IAM-Resource-410,6,26,Critical,4,Yes,High
ASSET-0411,S3,S3-Resource-411,1,94,Low,10,No,Medium
ASSET-0412,IAM,IAM-Resource-412,0,19,Low,3,No,Medium
ASSET-0413,RDS,RDS-Resource-413,14,17,Low,4,Yes,Medium
ASSET-0414,EC2,EC2-Resource-414,13,27,Low,6,No,Low
ASSET-0415,VPC,VPC-Resource-415,13,63,Low,2,Yes,High
ASSET-0416,VPC,VPC-Resource-416,6,51,Low,9,Yes,Medium
ASSET-0417,RDS,RDS-Resource-417,10,86,High,11,Yes,Low
ASSET-0418,EC2,EC2-Resource-418,15,30,Critical,12,Yes,Medium
ASSET-0419,IAM,IAM-Resource-419,7,40,Low,9,Yes,Medium
ASSET-0420,IAM,IAM-Resource-420,7,96,Low,0,No,Low
ASSET-0421,VPC,VPC-Resource-421,10,57,Low,12,No,Low
ASSET-0422,Lambda,Lambda-Resource-422,8,83,Critical,6,Yes,Medium
ASSET-0423,EC2,EC2-Resource-423,10,66,Medium,10,No,High
ASSET-0424,IAM,IAM-Resource-424,14,43,Low,0,No,Low
ASSET-0425,RDS,RDS-Resource-425,13,17,Low,7,Yes,Low
ASSET-0426,S3,S3-Resource-426,3,30,Medium,10,No,Low
ASSET-0427,VPC,VPC-Resource-427,11,96,High,2,Yes,High
ASSET-0428,EC2,EC2-Resource-428,13,90,Medium,9,No,Low
ASSET-0429,S3,S3-Resource-429,5,27,Medium,12,Yes,Medium
ASSET-0430,Lambda,Lambda-Resource-430,15,53,Critical,7,Yes,Low
ASSET-0431,RDS,RDS-Resource-431,9,94,Medium,7,Yes,Low
ASSET-0432,RDS,RDS-Resource-432,10,18,Critical,5,Yes,Medium
ASSET-0433,RDS,RDS-Resource-433,9,61,High,10,No,Medium
ASSET-0434,RDS,RDS-Resource-434,2,92,Medium,3,Yes,High
ASSET-0435,EC2,EC2-Resource-435,14,59,Low,2,Yes,Medium
ASSET-0436,IAM,IAM-Resource-436,2,80,Critical,0,Yes,Low
ASSET-0437,S3,S3-Resource-437,13,75,Medium,7,No,Medium
ASSET-0438,S3,S3-Resource-438,1,54,Low,1,Yes,High
ASSET-0439,Lambda,Lambda-Resource-439,2,51,Low,9,Yes,Medium
ASSET-0440,Lambda,Lambda-Resource-440,4,21,High,12,No,Medium
ASSET-0441,VPC,VPC-Resource-441,8,53,Low,7,No,Medium
ASSET-0442,RDS,RDS-Resource-442,13,27,High,5,No,High
ASSET-0443,S3,S3-Resource-443,1,42,High,8,Yes,Medium
ASSET-0444,IAM,IAM-Resource-444,12,51,Critical,10,No,Low
ASSET-0445,VPC,VPC-Resource-445,1,65,Low,4,Yes,Medium
ASSET-0446,IAM,IAM-Resource-446,3,26,High,10,Yes,Low
ASSET-0447,Lambda,Lambda-Resource-447,14,85,High,12,Yes,Low
ASSET-0448,S3,S3-Resource-448,15,26,Low,11,No,High
ASSET-0449,VPC,VPC-Resource-449,2,55,Low,7,Yes,High
ASSET-0450,VPC,VPC-Resource-450,14,29,High,2,Yes,Medium
ASSET-0451,Lambda,Lambda-Resource-451,9,20,Critical,12,Yes,Medium
ASSET-0452,IAM,IAM-Resource-452,14,77,Critical,5,Yes,High
ASSET-0453,Lambda,Lambda-Resource-453,12,65,Medium,3,No,High
ASSET-0454,S3,S3-Resource-454,11,56,Medium,4,No,Low
ASSET-0455,S3,S3-Resource-455,6,55,Medium,2,No,Low
ASSET-0456,IAM,IAM-Resource-456,2,82,Medium,4,Yes,Low
ASSET-0457,RDS,RDS-Resource-457,11,78,Medium,2,No,Low
ASSET-0458,IAM,IAM-Resource-458,14,62,Medium,7,No,Low
ASSET-0459,EC2,EC2-Resource-459,2,72,Low,11,Yes,Medium
ASSET-0460,VPC,VPC-Resource-460,1,98,High,9,No,Medium
ASSET-0461,VPC,VPC-Resource-461,0,56,High,6,Yes,Low
ASSET-0462,IAM,IAM-Resource-462,3,18,Medium,8,No,Low
ASSET-0463,IAM,IAM-Resource-463,13,58,Critical,8,Yes,Low
ASSET-0464,EC2,EC2-Resource-464,8,75,High,0,No,Low
ASSET-0465,Lambda,Lambda-Resource-465,5,23,Medium,7,Yes,Low
ASSET-0466,Lambda,Lambda-Resource-466,1,98,Critical,2,No,Medium
ASSET-0467,S3,S3-Resource-467,4,48,High,11,Yes,Low
ASSET-0468,IAM,IAM-Resource-468,1,75,Critical,10,No,Medium
ASSET-0469,RDS,RDS-Resource-469,12,69,High,1,No,Low
ASSET-0470,Lambda,Lambda-Resource-470,12,60,Critical,2,No,High
ASSET-0471,Lambda,Lambda-Resource-471,15,25,Medium,11,No,Low
ASSET-0472,S3,S3-Resource-472,2,75,Low,0,Yes,Medium
ASSET-0473,VPC,VPC-Resource-473,5,80,Low,4,No,Low
ASSET-0474,EC2,EC2-Resource-474,6,99,Low,0,Yes,Low
ASSET-0475,VPC,VPC-Resource-475,12,17,Medium,11,No,Medium
ASSET-0476,VPC,VPC-Resource-476,4,86,Medium,9,Yes,Low
ASSET-0477,RDS,RDS-Resource-477,10,41,Medium,6,No,High
ASSET-0478,EC2,EC2-Resource-478,14,28,Medium,7,No,Medium
ASSET-0479,VPC,VPC-Resource-479,2,49,High,7,Yes,Medium
ASSET-0480,Lambda,Lambda-Resource-480,11,13,Medium,8,Yes,Medium
ASSET-0481,S3,S3-Resource-481,15,12,Medium,3,Yes,Medium
ASSET-0482,RDS,RDS-Resource-482,0,45,Medium,1,No,High
ASSET-0483,RDS,RDS-Resource-483,5,70,Medium,3,Yes,Low
ASSET-0484,IAM,IAM-Resource-484,7,100,Medium,9,No,Medium
ASSET-0485,EC2,EC2-Resource-485,2,59,High,1,Yes,Low
ASSET-0486,S3,S3-Resource-486,0,52,High,7,Yes,Medium
ASSET-0487,RDS,RDS-Resource-487,2,77,Low,7,Yes,High
ASSET-0488,IAM,IAM-Resource-488,3,95,High,10,Yes,Medium
ASSET-0489,IAM,IAM-Resource-489,0,47,High,8,Yes,High
ASSET-0490,VPC,VPC-Resource-490,8,65,Critical,0,No,Medium
ASSET-0491,RDS,RDS-Resource-491,9,97,High,8,No,Low
ASSET-0492,Lambda,Lambda-Resource-492,0,83,High,6,No,Medium
ASSET-0493,RDS,RDS-Resource-493,2,91,Medium,3,No,High
ASSET-0494,IAM,IAM-Resource-494,13,59,High,10,Yes,Low
ASSET-0495,VPC,VPC-Resource-495,2,34,Medium,2,No,High
ASSET-0496,S3,S3-Resource-496,5,67,High,11,No,Medium
ASSET-0497,RDS,RDS-Resource-497,6,12,Low,7,Yes,Low
ASSET-0498,IAM,IAM-Resource-498,8,39,Medium,7,No,Medium
ASSET-0499,VPC,VPC-Resource-499,15,53,High,8,Yes,Low
ASSET-0500,VPC,VPC-Resource-500,7,31,Medium,4,No,Medium
ASSET-0501,Lambda,Lambda-Resource-501,12,23,Critical,8,No,High
ASSET-0502,S3,S3-Resource-502,2,11,Medium,6,Yes,Low
ASSET-0503,VPC,VPC-Resource-503,14,49,Medium,5,No,Low
ASSET-0504,IAM,IAM-Resource-504,6,51,Low,0,No,Medium
ASSET-0505,RDS,RDS-Resource-505,1,47,Critical,11,No,High
ASSET-0506,RDS,RDS-Resource-506,10,17,Medium,12,Yes,Medium
ASSET-0507,EC2,EC2-Resource-507,9,86,Medium,7,Yes,High
ASSET-0508,VPC,VPC-Resource-508,12,28,Medium,12,Yes,Medium
ASSET-0509,S3,S3-Resource-509,5,64,Medium,8,No,Medium
ASSET-0510,EC2,EC2-Resource-510,8,70,Low,11,No,Low
ASSET-0511,Lambda,Lambda-Resource-511,0,74,High,4,Yes,Low
ASSET-0512,IAM,IAM-Resource-512,0,53,Critical,5,No,Low
ASSET-0513,S3,S3-Resource-513,7,38,High,10,No,Low
ASSET-0514,EC2,EC2-Resource-514,6,21,High,10,Yes,Low
ASSET-0515,VPC,VPC-Resource-515,13,42,Low,9,Yes,Low
ASSET-0516,VPC,VPC-Resource-516,8,59,Medium,8,No,Low
ASSET-0517,Lambda,Lambda-Resource-517,6,39,Medium,4,No,Medium
ASSET-0518,Lambda,Lambda-Resource-518,6,98,Critical,5,Yes,Medium
ASSET-0519,RDS,RDS-Resource-519,9,35,Low,4,No,Medium
ASSET-0520,S3,S3-Resource-520,3,35,Low,7,Yes,Medium
ASSET-0521,EC2,EC2-Resource-521,4,67,Medium,3,No,Medium
ASSET-0522,RDS,RDS-Resource-522,2,52,Critical,4,Yes,High
ASSET-0523,Lambda,Lambda-Resource-523,0,45,Critical,8,No,Medium
ASSET-0524,RDS,RDS-Resource-524,15,38,Critical,12,No,Medium
ASSET-0525,IAM,IAM-Resource-525,4,59,Medium,6,No,Medium
ASSET-0526,S3,S3-Resource-526,1,38,Medium,7,No,Medium
ASSET-0527,VPC,VPC-Resource-527,1,44,Medium,2,Yes,Low
ASSET-0528,VPC,VPC-Resource-528,7,86,Medium,10,Yes,Medium
ASSET-0529,RDS,RDS-Resource-529,11,68,Medium,0,Yes,High
ASSET-0530,EC2,EC2-Resource-530,4,71,Critical,10,Yes,Medium
ASSET-0531,IAM,IAM-Resource-531,5,85,High,10,No,Low
ASSET-0532,S3,S3-Resource-532,5,15,Medium,2,No,Low
ASSET-0533,VPC,VPC-Resource-533,0,52,High,0,Yes,Low
ASSET-0534,VPC,VPC-Resource-534,4,98,High,11,No,Medium
ASSET-0535,EC2,EC2-Resource-535,6,88,Low,10,No,High
ASSET-0536,Lambda,Lambda-Resource-536,0,41,Low,6,No,Low
ASSET-0537,Lambda,Lambda-Resource-537,8,71,Low,10,No,Low
ASSET-0538,IAM,IAM-Resource-538,14,40,Medium,2,Yes,Medium
ASSET-0539,EC2,EC2-Resource-539,2,61,High,12,Yes,High
ASSET-0540,IAM,IAM-Resource-540,8,63,Medium,11,Yes,High
ASSET-0541,S3,S3-Resource-541,5,79,Medium,5,No,Medium
ASSET-0542,RDS,RDS-Resource-542,11,65,Low,0,Yes,Medium
ASSET-0543,Lambda,Lambda-Resource-543,14,74,Medium,12,Yes,Low
ASSET-0544,IAM,IAM-Resource-544,4,61,Low,3,No,Medium
ASSET-0545,Lambda,Lambda-Resource-545,12,38,Medium,7,No,Medium
ASSET-0546,Lambda,Lambda-Resource-546,2,35,Medium,2,Yes,High
ASSET-0547,Lambda,Lambda-Resource-547,8,82,Low,3,Yes,High
ASSET-0548,Lambda,Lambda-Resource-548,5,81,High,6,No,Low
ASSET-0549,IAM,IAM-Resource-549,1,40,Medium,10,Yes,Medium
ASSET-0550,RDS,RDS-Resource-550,1,58,High,8,Yes,Low
ASSET-0551,EC2,EC2-Resource-551,9,93,Medium,9,No,Low
ASSET-0552,EC2,EC2-Resource-552,12,15,Medium,4,No,Medium
ASSET-0553,IAM,IAM-Resource-553,11,54,Medium,3,No,Low
ASSET-0554,Lambda,Lambda-Resource-554,14,49,Critical,11,No,Medium
ASSET-0555,RDS,RDS-Resource-555,9,60,Medium,4,Yes,Low
ASSET-0556,S3,S3-Resource-556,3,44,Low,11,Yes,Low
ASSET-0557,Lambda,Lambda-Resource-557,8,29,Low,8,No,Low
ASSET-0558,S3,S3-Resource-558,0,11,Medium,0,No,Medium
ASSET-0559,EC2,EC2-Resource-559,1,13,Medium,10,No,Low
ASSET-0560,S3,S3-Resource-560,14,84,Medium,10,No,Low
ASSET-0561,IAM,IAM-Resource-561,11,57,High,4,No,High
ASSET-0562,RDS,RDS-Resource-562,7,20,Low,3,No,Medium
ASSET-0563,Lambda,Lambda-Resource-563,15,72,Medium,5,No,Medium
ASSET-0564,S3,S3-Resource-564,4,89,Critical,7,No,Low
ASSET-0565,Lambda,Lambda-Resource-565,8,96,Critical,6,Yes,Medium
ASSET-0566,IAM,IAM-Resource-566,1,63,High,9,Yes,Low
ASSET-0567,Lambda,Lambda-Resource-567,13,24,Critical,4,No,High
ASSET-0568,Lambda,Lambda-Resource-568,0,38,Critical,9,Yes,High
ASSET-0569,VPC,VPC-Resource-569,13,38,Medium,12,No,Medium
ASSET-0570,S3,S3-Resource-570,8,43,Medium,10,No,Medium
ASSET-0571,EC2,EC2-Resource-571,14,82,High,2,No,Medium
ASSET-0572,RDS,RDS-Resource-572,5,62,Medium,12,Yes,Low
ASSET-0573,EC2,EC2-Resource-573,8,61,Critical,9,Yes,Medium
ASSET-0574,RDS,RDS-Resource-574,12,39,High,9,Yes,Medium
ASSET-0575,EC2,EC2-Resource-575,5,65,Medium,3,Yes,High
ASSET-0576,VPC,VPC-Resource-576,15,25,Critical,1,Yes,Medium
ASSET-0577,RDS,RDS-Resource-577,0,32,Medium,4,Yes,Low
ASSET-0578,Lambda,Lambda-Resource-578,6,30,High,3,No,High
ASSET-0579,IAM,IAM-Resource-579,9,98,Medium,4,No,High
ASSET-0580,VPC,VPC-Resource-580,12,73,High,10,Yes,Low
ASSET-0581,Lambda,Lambda-Resource-581,8,41,Critical,0,No,Low
ASSET-0582,RDS,RDS-Resource-582,9,37,Critical,7,Yes,High
ASSET-0583,IAM,IAM-Resource-583,1,48,Low,6,No,Low
ASSET-0584,IAM,IAM-Resource-584,11,99,Low,7,No,Low
ASSET-0585,IAM,IAM-Resource-585,7,69,High,11,No,Low
ASSET-0586,VPC,VPC-Resource-586,9,42,High,4,Yes,Medium
ASSET-0587,VPC,VPC-Resource-587,3,62,High,5,No,Low
ASSET-0588,S3,S3-Resource-588,3,35,Medium,5,No,High
ASSET-0589,IAM,IAM-Resource-589,6,40,High,1,Yes,Low
ASSET-0590,Lambda,Lambda-Resource-590,2,11,Critical,9,No,Low
ASSET-0591,EC2,EC2-Resource-591,6,84,Critical,2,Yes,High
ASSET-0592,S3,S3-Resource-592,8,17,Medium,5,Yes,Medium
ASSET-0593,RDS,RDS-Resource-593,7,80,Low,7,Yes,Low
ASSET-0594,VPC,VPC-Resource-594,12,69,Medium,0,Yes,Medium
ASSET-0595,IAM,IAM-Resource-595,1,57,High,4,Yes,High
ASSET-0596,S3,S3-Resource-596,10,22,Low,8,Yes,Low
ASSET-0597,Lambda,Lambda-Resource-597,5,16,High,10,Yes,Medium
ASSET-0598,RDS,RDS-Resource-598,12,66,Medium,6,No,Low
ASSET-0599,Lambda,Lambda-Resource-599,5,17,Medium,5,Yes,Medium
ASSET-0600,VPC,VPC-Resource-600,4,32,Medium,7,No,Medium
ASSET-0601,IAM,IAM-Resource-601,3,75,Critical,3,No,Medium
ASSET-0602,S3,S3-Resource-602,2,55,Low,1,Yes,High
ASSET-0603,VPC,VPC-Resource-603,12,70,High,11,No,Medium
ASSET-0604,RDS,RDS-Resource-604,11,42,Low,3,No,Low
ASSET-0605,S3,S3-Resource-605,12,39,High,0,No,Medium
ASSET-0606,VPC,VPC-Resource-606,4,70,High,6,Yes,High
ASSET-0607,IAM,IAM-Resource-607,13,18,High,8,Yes,Low
ASSET-0608,EC2,EC2-Resource-608,9,45,Low,0,Yes,Medium
ASSET-0609,S3,S3-Resource-609,15,35,Critical,4,No,Low
ASSET-0610,S3,S3-Resource-610,8,26,Medium,5,Yes,Medium
ASSET-0611,EC2,EC2-Resource-611,9,98,Low,5,No,Low
ASSET-0612,EC2,EC2-Resource-612,11,31,Low,3,No,High
ASSET-0613,S3,S3-Resource-613,1,81,Low,12,No,Low
ASSET-0614,VPC,VPC-Resource-614,10,10,High,12,Yes,Medium
ASSET-0615,IAM,IAM-Resource-615,12,68,High,11,Yes,Low
ASSET-0616,RDS,RDS-Resource-616,0,38,Critical,3,No,Low
ASSET-0617,IAM,IAM-Resource-617,13,75,Medium,6,Yes,High
ASSET-0618,Lambda,Lambda-Resource-618,9,27,Critical,11,Yes,High
ASSET-0619,IAM,IAM-Resource-619,4,86,Critical,4,No,Low
ASSET-0620,VPC,VPC-Resource-620,5,21,Critical,10,No,High
ASSET-0621,IAM,IAM-Resource-621,15,52,Medium,7,No,High
ASSET-0622,RDS,RDS-Resource-622,3,16,Medium,6,No,Low
ASSET-0623,EC2,EC2-Resource-623,4,43,Medium,10,No,High
ASSET-0624,S3,S3-Resource-624,13,21,Low,6,No,Low
ASSET-0625,Lambda,Lambda-Resource-625,7,54,High,6,Yes,High
ASSET-0626,RDS,RDS-Resource-626,0,87,High,3,Yes,Medium
ASSET-0627,EC2,EC2-Resource-627,1,86,Medium,6,Yes,Medium
ASSET-0628,S3,S3-Resource-628,4,80,Critical,12,Yes,Low
ASSET-0629,EC2,EC2-Resource-629,6,21,High,10,No,High
ASSET-0630,IAM,IAM-Resource-630,6,29,Low,7,Yes,Medium
ASSET-0631,S3,S3-Resource-631,14,35,Medium,1,No,Low
ASSET-0632,VPC,VPC-Resource-632,0,30,Critical,11,Yes,Medium
ASSET-0633,IAM,IAM-Resource-633,11,96,Medium,4,No,Medium
ASSET-0634,VPC,VPC-Resource-634,9,78,High,10,No,High
ASSET-0635,EC2,EC2-Resource-635,1,87,Critical,12,No,Low
ASSET-0636,VPC,VPC-Resource-636,7,66,Medium,1,Yes,Low
ASSET-0637,Lambda,Lambda-Resource-637,11,24,Medium,12,Yes,Low
ASSET-0638,IAM,IAM-Resource-638,5,93,Low,1,Yes,High
ASSET-0639,EC2,EC2-Resource-639,9,61,High,6,Yes,Low
ASSET-0640,IAM,IAM-Resource-640,12,47,High,6,Yes,Low
ASSET-0641,VPC,VPC-Resource-641,0,93,Medium,7,No,Medium
ASSET-0642,S3,S3-Resource-642,5,65,Medium,5,No,Low
ASSET-0643,Lambda,Lambda-Resource-643,10,77,Low,0,No,Medium
ASSET-0644,Lambda,Lambda-Resource-644,14,34,High,12,Yes,Low
ASSET-0645,S3,S3-Resource-645,6,84,High,8,Yes,Medium
ASSET-0646,S3,S3-Resource-646,9,19,Medium,11,No,Low
ASSET-0647,RDS,RDS-Resource-647,7,80,Low,12,Yes,Medium
ASSET-0648,RDS,RDS-Resource-648,11,62,Medium,11,Yes,Low
ASSET-0649,EC2,EC2-Resource-649,13,67,Medium,3,No,High
ASSET-0650,RDS,RDS-Resource-650,6,33,High,4,No,Low
ASSET-0651,Lambda,Lambda-Resource-651,14,96,Medium,6,Yes,High
ASSET-0652,EC2,EC2-Resource-652,7,10,Medium,6,Yes,High
ASSET-0653,RDS,RDS-Resource-653,4,82,Low,12,No,High
ASSET-0654,Lambda,Lambda-Resource-654,7,70,Critical,1,Yes,Medium
ASSET-0655,VPC,VPC-Resource-655,10,69,High,7,Yes,High
ASSET-0656,VPC,VPC-Resource-656,8,76,High,7,Yes,Medium
ASSET-0657,S3,S3-Resource-657,1,23,Low,12,No,Medium
ASSET-0658,S3,S3-Resource-658,14,71,High,12,Yes,Medium
ASSET-0659,IAM,IAM-Resource-659,0,14,Low,12,No,Medium
ASSET-0660,EC2,EC2-Resource-660,5,81,Medium,11,No,Medium
ASSET-0661,Lambda,Lambda-Resource-661,0,97,High,5,No,Medium
ASSET-0662,Lambda,Lambda-Resource-662,8,57,Low,7,Yes,High
ASSET-0663,Lambda,Lambda-Resource-663,5,19,High,12,No,Low
ASSET-0664,VPC,VPC-Resource-664,4,92,High,10,Yes,Low
ASSET-0665,EC2,EC2-Resource-665,15,47,Medium,2,Yes,Medium
ASSET-0666,EC2,EC2-Resource-666,7,72,High,4,Yes,Low
ASSET-0667,RDS,RDS-Resource-667,5,47,Critical,6,Yes,Low
ASSET-0668,IAM,IAM-Resource-668,0,10,High,7,Yes,Low
ASSET-0669,IAM,IAM-Resource-669,1,23,High,9,Yes,High
ASSET-0670,IAM,IAM-Resource-670,2,13,High,11,No,Medium
ASSET-0671,IAM,IAM-Resource-671,5,58,Medium,9,Yes,High
ASSET-0672,Lambda,Lambda-Resource-672,10,63,Low,12,Yes,Medium
ASSET-0673,EC2,EC2-Resource-673,15,56,Medium,12,No,Low
ASSET-0674,S3,S3-Resource-674,4,16,Medium,2,No,Medium
ASSET-0675,RDS,RDS-Resource-675,7,53,High,5,Yes,Medium
ASSET-0676,IAM,IAM-Resource-676,15,57,High,5,No,Medium
ASSET-0677,EC2,EC2-Resource-677,14,72,High,2,Yes,High
ASSET-0678,IAM,IAM-Resource-678,2,98,Medium,12,Yes,Low
ASSET-0679,Lambda,Lambda-Resource-679,12,67,Low,9,Yes,High
ASSET-0680,Lambda,Lambda-Resource-680,0,95,High,2,Yes,Medium
ASSET-0681,EC2,EC2-Resource-681,4,55,High,5,Yes,Low
ASSET-0682,RDS,RDS-Resource-682,8,31,Critical,1,Yes,Low
ASSET-0683,Lambda,Lambda-Resource-683,2,75,Medium,7,Yes,Low
ASSET-0684,EC2,EC2-Resource-684,0,79,Medium,5,Yes,Low
ASSET-0685,IAM,IAM-Resource-685,15,68,Medium,1,No,Low
ASSET-0686,S3,S3-Resource-686,12,60,Critical,11,No,Low
ASSET-0687,EC2,EC2-Resource-687,8,11,Medium,4,No,Medium
ASSET-0688,EC2,EC2-Resource-688,8,84,High,4,No,Low
ASSET-0689,RDS,RDS-Resource-689,1,31,Low,0,Yes,Medium
ASSET-0690,Lambda,Lambda-Resource-690,0,15,High,11,No,High
ASSET-0691,RDS,RDS-Resource-691,2,20,Low,2,Yes,High
ASSET-0692,S3,S3-Resource-692,5,56,Low,7,Yes,Medium
ASSET-0693,S3,S3-Resource-693,6,39,High,8,Yes,Low
ASSET-0694,IAM,IAM-Resource-694,4,95,Medium,8,No,Medium
ASSET-0695,RDS,RDS-Resource-695,2,76,High,5,No,Medium
ASSET-0696,VPC,VPC-Resource-696,0,82,High,1,No,Low
ASSET-0697,VPC,VPC-Resource-697,12,45,Low,6,No,Low
ASSET-0698,EC2,EC2-Resource-698,9,60,Medium,1,Yes,High
ASSET-0699,VPC,VPC-Resource-699,5,99,Low,10,No,High
ASSET-0700,Lambda,Lambda-Resource-700,13,14,High,2,No,Low
ASSET-0701,IAM,IAM-Resource-701,2,27,High,12,No,Low
ASSET-0702,Lambda,Lambda-Resource-702,0,70,Low,11,No,Medium
ASSET-0703,EC2,EC2-Resource-703,15,58,High,0,No,Low
ASSET-0704,Lambda,Lambda-Resource-704,8,12,High,1,No,Medium
ASSET-0705,IAM,IAM-Resource-705,0,15,High,11,Yes,High
ASSET-0706,S3,S3-Resource-706,6,54,Low,10,No,Medium
ASSET-0707,IAM,IAM-Resource-707,0,33,Medium,2,No,Medium
ASSET-0708,VPC,VPC-Resource-708,5,28,High,8,Yes,Low
ASSET-0709,IAM,IAM-Resource-709,8,19,Medium,7,Yes,Low
ASSET-0710,VPC,VPC-Resource-710,4,46,Low,4,No,High
ASSET-0711,VPC,VPC-Resource-711,5,79,Medium,9,No,Medium
ASSET-0712,S3,S3-Resource-712,3,94,Medium,12,No,Medium
ASSET-0713,S3,S3-Resource-713,14,26,Medium,5,No,High
ASSET-0714,EC2,EC2-Resource-714,3,70,Critical,2,No,High
ASSET-0715,EC2,EC2-Resource-715,12,69,Medium,5,No,Low
ASSET-0716,S3,S3-Resource-716,5,37,Critical,11,Yes,High
ASSET-0717,RDS,RDS-Resource-717,10,53,Critical,10,Yes,Medium
ASSET-0718,EC2,EC2-Resource-718,12,97,Low,7,Yes,Low
ASSET-0719,Lambda,Lambda-Resource-719,2,92,Low,10,Yes,High
ASSET-0720,RDS,RDS-Resource-720,2,37,High,5,No,Low
ASSET-0721,IAM,IAM-Resource-721,7,55,High,1,No,High
ASSET-0722,Lambda,Lambda-Resource-722,12,90,Medium,2,No,Low
ASSET-0723,VPC,VPC-Resource-723,4,41,High,9,Yes,Low
ASSET-0724,EC2,EC2-Resource-724,14,41,Medium,8,No,Low
ASSET-0725,EC2,EC2-Resource-725,8,64,Low,1,Yes,Medium
ASSET-0726,S3,S3-Resource-726,8,58,High,5,Yes,Medium
ASSET-0727,S3,S3-Resource-727,5,46,Medium,8,Yes,Medium
ASSET-0728,VPC,VPC-Resource-728,15,50,Critical,5,Yes,Low
ASSET-0729,EC2,EC2-Resource-729,14,15,Medium,3,Yes,Low
ASSET-0730,Lambda,Lambda-Resource-730,6,67,High,4,No,Low
ASSET-0731,VPC,VPC-Resource-731,7,15,High,3,Yes,High
ASSET-0732,VPC,VPC-Resource-732,0,79,Critical,3,No,Medium
ASSET-0733,S3,S3-Resource-733,2,98,High,11,No,High
ASSET-0734,Lambda,Lambda-Resource-734,12,72,Medium,8,Yes,High
ASSET-0735,VPC,VPC-Resource-735,0,100,Low,9,No,Low
ASSET-0736,S3,S3-Resource-736,4,61,Low,5,No,Medium
ASSET-0737,EC2,EC2-Resource-737,0,44,Medium,8,No,Medium
ASSET-0738,Lambda,Lambda-Resource-738,4,64,Medium,1,Yes,Medium
ASSET-0739,EC2,EC2-Resource-739,7,33,Low,12,No,Low
ASSET-0740,RDS,RDS-Resource-740,3,31,High,12,Yes,Low
ASSET-0741,VPC,VPC-Resource-741,2,13,High,0,No,Low
ASSET-0742,Lambda,Lambda-Resource-742,11,64,Medium,8,No,High
ASSET-0743,IAM,IAM-Resource-743,10,47,Critical,9,No,High
ASSET-0744,Lambda,Lambda-Resource-744,0,39,High,11,Yes,Medium
ASSET-0745,IAM,IAM-Resource-745,7,61,Medium,0,Yes,High
ASSET-0746,VPC,VPC-Resource-746,4,11,Medium,12,No,Low
ASSET-0747,Lambda,Lambda-Resource-747,14,91,Critical,3,Yes,High
ASSET-0748,S3,S3-Resource-748,13,11,Medium,9,Yes,Low
ASSET-0749,IAM,IAM-Resource-749,2,85,Medium,4,Yes,Low
ASSET-0750,IAM,IAM-Resource-750,11,43,High,11,No,High
ASSET-0751,VPC,VPC-Resource-751,8,56,Critical,7,Yes,Low
ASSET-0752,IAM,IAM-Resource-752,12,62,Medium,8,No,High
ASSET-0753,IAM,IAM-Resource-753,7,93,Medium,0,Yes,High
ASSET-0754,VPC,VPC-Resource-754,9,48,Medium,6,Yes,Low
ASSET-0755,Lambda,Lambda-Resource-755,13,81,Medium,5,No,Low
ASSET-0756,EC2,EC2-Resource-756,10,59,Low,7,No,Medium
ASSET-0757,VPC,VPC-Resource-757,13,52,Low,10,No,Low
ASSET-0758,IAM,IAM-Resource-758,9,81,Critical,3,Yes,Medium
ASSET-0759,RDS,RDS-Resource-759,3,18,High,12,No,Low
ASSET-0760,Lambda,Lambda-Resource-760,15,27,Medium,1,Yes,Medium
ASSET-0761,Lambda,Lambda-Resource-761,9,76,Critical,0,Yes,High
ASSET-0762,VPC,VPC-Resource-762,15,74,Low,3,Yes,High
ASSET-0763,IAM,IAM-Resource-763,14,58,Low,2,No,Medium
ASSET-0764,EC2,EC2-Resource-764,10,90,High,11,No,Low
ASSET-0765,VPC,VPC-Resource-765,10,94,High,12,Yes,Medium
ASSET-0766,RDS,RDS-Resource-766,2,88,High,5,Yes,Low
ASSET-0767,RDS,RDS-Resource-767,1,56,Medium,2,Yes,Medium
ASSET-0768,VPC,VPC-Resource-768,0,20,Medium,8,No,Low
ASSET-0769,EC2,EC2-Resource-769,7,77,High,6,No,Low
ASSET-0770,IAM,IAM-Resource-770,0,84,Medium,8,No,Medium
ASSET-0771,EC2,EC2-Resource-771,0,96,Critical,1,Yes,Medium
ASSET-0772,EC2,EC2-Resource-772,2,32,High,2,No,Medium
ASSET-0773,VPC,VPC-Resource-773,9,31,Critical,10,No,Medium
ASSET-0774,IAM,IAM-Resource-774,9,89,Low,7,No,Low
ASSET-0775,EC2,EC2-Resource-775,7,34,High,4,Yes,High
ASSET-0776,RDS,RDS-Resource-776,12,15,High,7,No,Low
ASSET-0777,IAM,IAM-Resource-777,8,55,Medium,2,Yes,High
ASSET-0778,S3,S3-Resource-778,9,25,Medium,1,Yes,Medium
ASSET-0779,RDS,RDS-Resource-779,14,53,High,4,Yes,Low
ASSET-0780,RDS,RDS-Resource-780,13,86,High,4,Yes,Low
ASSET-0781,Lambda,Lambda-Resource-781,7,74,Critical,4,Yes,Low
ASSET-0782,S3,S3-Resource-782,7,86,Medium,12,No,Medium
ASSET-0783,VPC,VPC-Resource-783,4,29,Medium,11,No,Medium
ASSET-0784,RDS,RDS-Resource-784,5,42,Low,0,No,Low
ASSET-0785,Lambda,Lambda-Resource-785,4,40,High,12,No,Medium
ASSET-0786,EC2,EC2-Resource-786,13,60,High,11,Yes,Low
ASSET-0787,EC2,EC2-Resource-787,14,15,Medium,12,Yes,Low
ASSET-0788,Lambda,Lambda-Resource-788,8,38,Low,2,Yes,Low
ASSET-0789,IAM,IAM-Resource-789,12,87,Medium,8,Yes,Low
ASSET-0790,VPC,VPC-Resource-790,5,94,High,6,Yes,Medium
ASSET-0791,EC2,EC2-Resource-791,4,23,Medium,8,Yes,Low
ASSET-0792,EC2,EC2-Resource-792,9,42,Low,12,No,Medium
ASSET-0793,RDS,RDS-Resource-793,4,100,Low,4,No,Low
ASSET-0794,S3,S3-Resource-794,15,37,High,12,Yes,Medium
ASSET-0795,VPC,VPC-Resource-795,8,18,Low,0,No,Low
ASSET-0796,S3,S3-Resource-796,9,52,Medium,1,Yes,Medium
ASSET-0797,S3,S3-Resource-797,13,92,Medium,4,Yes,Low
ASSET-0798,IAM,IAM-Resource-798,2,32,High,8,No,Medium
ASSET-0799,IAM,IAM-Resource-799,1,81,High,9,Yes,Low
ASSET-0800,IAM,IAM-Resource-800,8,54,Critical,7,Yes,High
ASSET-0801,IAM,IAM-Resource-801,1,99,Medium,4,Yes,Low
ASSET-0802,RDS,RDS-Resource-802,13,70,High,3,No,Medium
ASSET-0803,IAM,IAM-Resource-803,5,90,Low,3,Yes,Low
ASSET-0804,S3,S3-Resource-804,1,90,High,2,Yes,Low
ASSET-0805,VPC,VPC-Resource-805,15,90,Medium,11,Yes,Low
ASSET-0806,VPC,VPC-Resource-806,2,36,Critical,7,No,Low
ASSET-0807,Lambda,Lambda-Resource-807,5,10,High,7,No,High
ASSET-0808,VPC,VPC-Resource-808,4,73,Critical,0,Yes,Medium
ASSET-0809,EC2,EC2-Resource-809,10,46,High,8,No,Medium
ASSET-0810,VPC,VPC-Resource-810,13,71,Critical,4,Yes,Low
ASSET-0811,S3,S3-Resource-811,11,81,Medium,2,Yes,Medium
ASSET-0812,EC2,EC2-Resource-812,13,86,Low,6,No,High
ASSET-0813,Lambda,Lambda-Resource-813,3,93,High,0,No,Medium
ASSET-0814,VPC,VPC-Resource-814,10,61,Medium,10,No,Medium
ASSET-0815,S3,S3-Resource-815,11,63,High,8,No,Medium
ASSET-0816,IAM,IAM-Resource-816,9,79,High,9,Yes,Medium
ASSET-0817,S3,S3-Resource-817,10,58,Medium,9,No,High
ASSET-0818,S3,S3-Resource-818,5,35,High,4,No,Low
ASSET-0819,RDS,RDS-Resource-819,6,46,High,2,Yes,Low
ASSET-0820,Lambda,Lambda-Resource-820,5,86,Medium,10,No,Medium
ASSET-0821,S3,S3-Resource-821,13,59,Low,8,No,Low
ASSET-0822,VPC,VPC-Resource-822,3,80,Low,11,Yes,Low
ASSET-0823,S3,S3-Resource-823,15,59,Medium,2,No,Medium
ASSET-0824,IAM,IAM-Resource-824,10,88,High,7,No,Medium
ASSET-0825,Lambda,Lambda-Resource-825,10,61,Low,0,Yes,Low
ASSET-0826,RDS,RDS-Resource-826,14,61,Critical,8,No,Low
ASSET-0827,EC2,EC2-Resource-827,12,64,High,7,Yes,Medium
ASSET-0828,IAM,IAM-Resource-828,2,48,Low,4,No,High
ASSET-0829,S3,S3-Resource-829,4,17,High,1,Yes,High
ASSET-0830,Lambda,Lambda-Resource-830,13,27,Critical,1,Yes,Low
ASSET-0831,S3,S3-Resource-831,9,25,Low,9,No,Medium
ASSET-0832,S3,S3-Resource-832,5,69,Medium,0,Yes,Medium
ASSET-0833,VPC,VPC-Resource-833,3,80,Low,10,No,Medium
ASSET-0834,S3,S3-Resource-834,15,84,Critical,3,No,Medium
ASSET-0835,Lambda,Lambda-Resource-835,12,60,Medium,2,Yes,Medium
ASSET-0836,IAM,IAM-Resource-836,4,92,Medium,0,Yes,Medium
ASSET-0837,Lambda,Lambda-Resource-837,10,76,Medium,7,Yes,Low
ASSET-0838,Lambda,Lambda-Resource-838,13,78,Medium,10,Yes,Low
ASSET-0839,EC2,EC2-Resource-839,0,22,Low,1,No,Low
ASSET-0840,IAM,IAM-Resource-840,10,38,Medium,12,Yes,Low
ASSET-0841,S3,S3-Resource-841,6,100,High,0,No,Low
ASSET-0842,RDS,RDS-Resource-842,9,85,Medium,8,Yes,Low
ASSET-0843,IAM,IAM-Resource-843,7,14,High,2,Yes,Medium
ASSET-0844,VPC,VPC-Resource-844,11,81,Medium,0,Yes,Low
ASSET-0845,VPC,VPC-Resource-845,3,84,High,9,No,High
ASSET-0846,RDS,RDS-Resource-846,11,89,Low,8,Yes,Low
ASSET-0847,Lambda,Lambda-Resource-847,12,47,Low,12,No,Low
ASSET-0848,IAM,IAM-Resource-848,9,32,Low,12,Yes,High
ASSET-0849,IAM,IAM-Resource-849,8,63,High,4,No,Medium
ASSET-0850,VPC,VPC-Resource-850,12,18,Medium,2,Yes,Low
ASSET-0851,Lambda,Lambda-Resource-851,10,51,Critical,6,Yes,Medium
ASSET-0852,S3,S3-Resource-852,10,13,Low,0,Yes,High
ASSET-0853,S3,S3-Resource-853,4,24,High,5,Yes,Low
ASSET-0854,Lambda,Lambda-Resource-854,3,27,High,10,No,High
ASSET-0855,Lambda,Lambda-Resource-855,1,46,High,3,No,Low
ASSET-0856,EC2,EC2-Resource-856,13,87,Medium,7,Yes,High
ASSET-0857,VPC,VPC-Resource-857,12,79,High,9,Yes,Low
ASSET-0858,Lambda,Lambda-Resource-858,6,32,High,2,No,Low
ASSET-0859,RDS,RDS-Resource-859,3,89,Low,11,No,High
ASSET-0860,RDS,RDS-Resource-860,13,62,High,3,Yes,Medium
ASSET-0861,Lambda,Lambda-Resource-861,15,21,High,3,Yes,Medium
ASSET-0862,RDS,RDS-Resource-862,15,11,Medium,12,Yes,Medium
ASSET-0863,Lambda,Lambda-Resource-863,6,27,Medium,8,Yes,Medium
ASSET-0864,S3,S3-Resource-864,13,35,Medium,5,No,Low
ASSET-0865,IAM,IAM-Resource-865,13,41,High,3,No,Low
ASSET-0866,Lambda,Lambda-Resource-866,8,85,Low,11,Yes,Low
ASSET-0867,Lambda,Lambda-Resource-867,4,41,Low,4,No,Medium
ASSET-0868,EC2,EC2-Resource-868,3,34,High,5,Yes,Medium
ASSET-0869,VPC,VPC-Resource-869,1,28,Medium,11,Yes,Low
ASSET-0870,IAM,IAM-Resource-870,8,39,High,3,No,High
ASSET-0871,S3,S3-Resource-871,0,43,Low,9,No,Medium
ASSET-0872,IAM,IAM-Resource-872,12,82,Medium,0,Yes,Low
ASSET-0873,RDS,RDS-Resource-873,7,95,Critical,6,No,Low
ASSET-0874,EC2,EC2-Resource-874,2,20,Critical,9,No,High
ASSET-0875,EC2,EC2-Resource-875,1,41,Medium,12,No,Medium
ASSET-0876,Lambda,Lambda-Resource-876,12,27,Medium,12,No,Medium
ASSET-0877,RDS,RDS-Resource-877,13,41,Low,5,No,High
ASSET-0878,EC2,EC2-Resource-878,14,97,Low,12,No,Low
ASSET-0879,S3,S3-Resource-879,11,44,Critical,0,No,Low
ASSET-0880,RDS,RDS-Resource-880,9,25,Medium,3,No,Low
ASSET-0881,S3,S3-Resource-881,3,55,Critical,12,No,Low
ASSET-0882,Lambda,Lambda-Resource-882,2,39,Low,11,Yes,High
ASSET-0883,IAM,IAM-Resource-883,3,69,Medium,2,Yes,Low
ASSET-0884,IAM,IAM-Resource-884,15,39,High,7,No,Medium
ASSET-0885,S3,S3-Resource-885,10,85,Medium,11,Yes,Low
ASSET-0886,VPC,VPC-Resource-886,10,54,Medium,0,No,Low
ASSET-0887,EC2,EC2-Resource-887,13,29,Low,3,Yes,High
ASSET-0888,IAM,IAM-Resource-888,2,57,Low,2,Yes,High
ASSET-0889,RDS,RDS-Resource-889,5,33,High,0,Yes,High
ASSET-0890,S3,S3-Resource-890,3,18,Medium,9,Yes,High
ASSET-0891,Lambda,Lambda-Resource-891,9,61,Low,10,Yes,High
ASSET-0892,EC2,EC2-Resource-892,5,98,Low,6,No,Medium
ASSET-0893,IAM,IAM-Resource-893,9,82,Medium,7,No,High
ASSET-0894,Lambda,Lambda-Resource-894,13,59,Critical,12,Yes,Medium
ASSET-0895,EC2,EC2-Resource-895,2,84,Medium,6,Yes,Medium
ASSET-0896,S3,S3-Resource-896,8,47,Low,5,Yes,Low
ASSET-0897,EC2,EC2-Resource-897,11,22,Low,10,No,Low
ASSET-0898,IAM,IAM-Resource-898,6,62,Medium,12,No,Low
ASSET-0899,EC2,EC2-Resource-899,4,10,Low,10,No,Medium
ASSET-0900,RDS,RDS-Resource-900,7,32,High,12,Yes,Low
ASSET-0901,S3,S3-Resource-901,0,29,Medium,12,Yes,Medium
ASSET-0902,RDS,RDS-Resource-902,1,35,Medium,7,Yes,High
ASSET-0903,RDS,RDS-Resource-903,9,32,High,10,No,Medium
ASSET-0904,IAM,IAM-Resource-904,13,52,High,7,Yes,Low
ASSET-0905,RDS,RDS-Resource-905,9,21,Medium,10,Yes,Low
ASSET-0906,Lambda,Lambda-Resource-906,7,53,Low,7,Yes,High
ASSET-0907,IAM,IAM-Resource-907,12,59,High,0,No,High
ASSET-0908,RDS,RDS-Resource-908,15,35,High,11,Yes,High
ASSET-0909,IAM,IAM-Resource-909,6,52,Medium,5,No,High
ASSET-0910,IAM,IAM-Resource-910,11,86,Medium,3,Yes,High
ASSET-0911,EC2,EC2-Resource-911,5,19,High,4,Yes,Medium
ASSET-0912,EC2,EC2-Resource-912,1,16,High,5,No,Medium
ASSET-0913,Lambda,Lambda-Resource-913,10,71,Medium,3,No,Low
ASSET-0914,S3,S3-Resource-914,7,72,High,5,No,Medium
ASSET-0915,S3,S3-Resource-915,14,77,Low,11,No,Low
ASSET-0916,RDS,RDS-Resource-916,2,53,High,7,No,High
ASSET-0917,VPC,VPC-Resource-917,6,30,Low,2,Yes,Low
ASSET-0918,VPC,VPC-Resource-918,14,23,High,8,No,High
ASSET-0919,EC2,EC2-Resource-919,15,41,High,1,No,Medium
ASSET-0920,IAM,IAM-Resource-920,4,67,Medium,5,Yes,Low
ASSET-0921,IAM,IAM-Resource-921,13,37,Critical,5,No,High
ASSET-0922,VPC,VPC-Resource-922,14,47,Medium,12,No,Medium
ASSET-0923,S3,S3-Resource-923,8,54,Low,5,Yes,Low
ASSET-0924,Lambda,Lambda-Resource-924,0,17,Medium,2,Yes,High
ASSET-0925,Lambda,Lambda-Resource-925,11,83,Medium,5,Yes,High
ASSET-0926,VPC,VPC-Resource-926,12,55,Medium,4,Yes,Medium
ASSET-0927,EC2,EC2-Resource-927,15,94,Medium,8,Yes,High
ASSET-0928,VPC,VPC-Resource-928,6,42,High,5,Yes,Low
ASSET-0929,IAM,IAM-Resource-929,3,47,Medium,12,Yes,Low
ASSET-0930,EC2,EC2-Resource-930,11,19,Medium,10,Yes,Medium
ASSET-0931,VPC,VPC-Resource-931,4,79,High,4,Yes,High
ASSET-0932,RDS,RDS-Resource-932,2,83,High,1,Yes,Medium
ASSET-0933,VPC,VPC-Resource-933,4,44,Medium,5,Yes,Low
ASSET-0934,IAM,IAM-Resource-934,1,96,High,11,No,Low
ASSET-0935,EC2,EC2-Resource-935,8,71,Medium,2,Yes,High
ASSET-0936,EC2,EC2-Resource-936,15,76,Medium,5,Yes,High
ASSET-0937,VPC,VPC-Resource-937,8,71,Low,0,No,Low
ASSET-0938,S3,S3-Resource-938,12,53,High,5,No,Low
ASSET-0939,VPC,VPC-Resource-939,14,94,Medium,0,Yes,High
ASSET-0940,Lambda,Lambda-Resource-940,0,15,Low,9,Yes,High
ASSET-0941,S3,S3-Resource-941,7,72,Low,5,No,High
ASSET-0942,VPC,VPC-Resource-942,8,36,Medium,6,No,High
ASSET-0943,S3,S3-Resource-943,10,71,Medium,4,Yes,Low
ASSET-0944,S3,S3-Resource-944,15,83,High,12,Yes,Medium
ASSET-0945,VPC,VPC-Resource-945,6,35,Low,0,No,Medium
ASSET-0946,EC2,EC2-Resource-946,7,93,Critical,11,No,Medium
ASSET-0947,VPC,VPC-Resource-947,5,62,Medium,2,Yes,Low
ASSET-0948,RDS,RDS-Resource-948,9,29,High,5,Yes,Low
ASSET-0949,IAM,IAM-Resource-949,7,89,Medium,1,Yes,High
ASSET-0950,RDS,RDS-Resource-950,12,13,Low,11,No,Low
ASSET-0951,Lambda,Lambda-Resource-951,13,78,Critical,8,Yes,Low
ASSET-0952,Lambda,Lambda-Resource-952,0,28,Low,7,Yes,High
ASSET-0953,RDS,RDS-Resource-953,11,27,Medium,3,No,Medium
ASSET-0954,Lambda,Lambda-Resource-954,9,68,High,3,Yes,Low
ASSET-0955,EC2,EC2-Resource-955,7,65,Medium,10,Yes,Low
ASSET-0956,S3,S3-Resource-956,1,19,High,3,Yes,Low
ASSET-0957,RDS,RDS-Resource-957,4,46,High,1,No,High
ASSET-0958,VPC,VPC-Resource-958,5,58,Critical,12,No,Medium
ASSET-0959,VPC,VPC-Resource-959,4,82,High,3,No,Medium
ASSET-0960,IAM,IAM-Resource-960,2,65,High,8,Yes,High
ASSET-0961,VPC,VPC-Resource-961,14,60,High,11,No,Medium
ASSET-0962,VPC,VPC-Resource-962,12,23,Critical,5,Yes,Medium
ASSET-0963,S3,S3-Resource-963,10,77,Critical,10,No,High
ASSET-0964,EC2,EC2-Resource-964,4,91,Medium,1,Yes,Medium
ASSET-0965,IAM,IAM-Resource-965,12,65,Medium,2,No,Medium
ASSET-0966,Lambda,Lambda-Resource-966,3,96,Medium,1,Yes,High
ASSET-0967,VPC,VPC-Resource-967,7,24,Medium,7,Yes,Medium
ASSET-0968,Lambda,Lambda-Resource-968,9,67,Critical,9,Yes,Medium
ASSET-0969,S3,S3-Resource-969,4,38,High,1,Yes,Medium
ASSET-0970,IAM,IAM-Resource-970,1,59,Medium,10,Yes,Low
ASSET-0971,EC2,EC2-Resource-971,15,48,Medium,0,Yes,Low
ASSET-0972,IAM,IAM-Resource-972,14,42,Medium,1,Yes,Medium
ASSET-0973,S3,S3-Resource-973,2,11,Medium,7,No,Low
ASSET-0974,VPC,VPC-Resource-974,0,76,Critical,1,Yes,Low
ASSET-0975,S3,S3-Resource-975,10,73,Low,8,No,Low
ASSET-0976,IAM,IAM-Resource-976,6,65,Medium,5,No,Medium
ASSET-0977,IAM,IAM-Resource-977,10,37,High,10,No,Low
ASSET-0978,S3,S3-Resource-978,5,66,Critical,4,Yes,Medium
ASSET-0979,VPC,VPC-Resource-979,14,42,Low,12,Yes,High
ASSET-0980,EC2,EC2-Resource-980,4,28,High,9,Yes,High
ASSET-0981,EC2,EC2-Resource-981,6,31,Critical,5,No,Low
ASSET-0982,IAM,IAM-Resource-982,6,25,Medium,2,No,Medium
ASSET-0983,VPC,VPC-Resource-983,3,62,Medium,11,Yes,Medium
ASSET-0984,S3,S3-Resource-984,4,31,Critical,9,No,High
ASSET-0985,EC2,EC2-Resource-985,9,100,Low,0,Yes,Medium
ASSET-0986,RDS,RDS-Resource-986,12,61,High,0,No,Medium
ASSET-0987,S3,S3-Resource-987,8,50,Low,9,No,High
ASSET-0988,VPC,VPC-Resource-988,0,15,Medium,7,Yes,Low
ASSET-0989,IAM,IAM-Resource-989,7,10,Medium,12,Yes,Low
ASSET-0990,IAM,IAM-Resource-990,6,13,Critical,7,No,Low
ASSET-0991,RDS,RDS-Resource-991,12,69,Medium,9,No,High
ASSET-0992,Lambda,Lambda-Resource-992,1,48,High,10,No,Medium
ASSET-0993,S3,S3-Resource-993,13,40,Low,12,Yes,Low
ASSET-0994,RDS,RDS-Resource-994,12,24,Medium,6,Yes,Medium
ASSET-0995,S3,S3-Resource-995,11,60,High,12,No,Low
ASSET-0996,VPC,VPC-Resource-996,7,74,Medium,5,Yes,Low
ASSET-0997,Lambda,Lambda-Resource-997,4,20,High,5,Yes,Medium
ASSET-0998,VPC,VPC-Resource-998,12,68,Low,10,Yes,Low
ASSET-0999,S3,S3-Resource-999,11,34,High,1,Yes,Medium
ASSET-1000,S3,S3-Resource-1000,14,45,High,10,No,High
